#Ligand,dGexp
jnk1_lig1,-8.67377
jnk1_lig2,-9.993231
jnk1_lig3,-8.702592
jnk1_lig4,-8.702592
jnk1_lig5,-8.49337
jnk1_lig6,-9.174299
jnk1_lig7,-7.286071
jnk1_lig8,-9.675922
jnk1_lig9,-8.105004
jnk1_lig10,-9.465222
jnk1_lig11,-10.141692
jnk1_lig12,-10.093111
jnk1_lig13,-10.682977
jnk1_lig14,-8.483096
jnk1_lig15,-9.699398
jnk1_lig16,-9.142359
jnk1_lig17,-9.740725
jnk1_lig18,-9.413821
jnk1_lig19,-9.083236
jnk1_lig20,-7.512318
jnk1_lig21,-8.872536
