Perturbation,ddG_offset,variance
HSP90_10>HSP90_28,1.143,0.134893061674
HSP90_26>HSP90_21,-2.668,0.102684217049
HSP90_21>HSP90_11,3.282,0.118130360496
HSP90_21>HSP90_15,1.237,0.183192834796
HSP90_10>HSP90_34,-1.264,0.0940762507206
HSP90_10>HSP90_26,0.022,0.0675427147749
HSP90_15>HSP90_28,2.699,0.234275806853
HSP90_10>HSP90_10,-1.28,0.0572282767235
HSP90_26>HSP90_11,0.771,0.037699741605
