Perturbation,ddG_offset,variance
HSP90_101>HSP90_105,-0.561,0.0250706726331
HSP90_100>HSP90_106,3.764,0.0682860158846
HSP90_101>HSP90_106,-0.238,0.0366673578616
HSP90_105>HSP90_100,-2.256,0.085597079231
HSP90_100>HSP90_105,4.871,0.0834194490522
HSP90_105>HSP90_106,-0.016,0.0281688001215
