Perturbation,ddG_offset,variance
HSP90_81>HSP90_82,-1.015,0.0557185671565
HSP90_84>HSP90_82,-1.103,0.112898419381
HSP90_83>HSP90_82,3.364,0.107203441092
HSP90_84>HSP90_82,1.613,0.0889423246353
HSP90_81>HSP90_82,-2.492,0.0684806146781
HSP90_84>HSP90_82,-0.125,0.103879802886
HSP90_83>HSP90_82,-1.999,0.114757240922
HSP90_81>HSP90_82,-4.304,0.077673797578
HSP90_84>HSP90_84,3.715,0.164265100338
